x1,x2,label
0.4525923854718177,0.16843330787671648,1.0
-0.4380265168625119,0.11990049006250848,1.0
-0.5322243047798006,0.18435902070227286,1.0
-0.301401805199631,0.40078207278129496,1.0
0.4456022308704517,-0.8949355556090886,0.0
-0.2845276025762298,0.4721509208220695,1.0
-0.01227556590995627,0.5056469951125571,1.0
0.4636171694677216,0.11073500852047391,1.0
-0.11577891578972052,-0.5058803772454405,1.0
-0.11061613303644917,1.042207472050681,0.0
-0.4705598400276473,-0.3287877316727311,1.0
0.5640625374883906,0.8637200976002544,0.0
-0.0814012753960446,0.5602833345064406,1.0
0.43767461692223036,-0.27792626764278755,1.0
0.4083474906382261,-0.393502233011698,1.0
0.06950819395134096,-0.476629601441125,1.0
-0.9417354191897599,-0.32696930389742757,0.0
0.09480139841636791,-0.49269448619618045,1.0
-0.5394715099442249,-0.05454808228110421,1.0
-0.6387962425634154,-0.7339956772879658,0.0
0.3644292896713569,0.2687677080527562,1.0
-0.5521037976054626,0.87870560347877,0.0
-0.001948217781789767,-0.9946342130483776,0.0
0.4471255167503748,0.1866008001954586,1.0
-0.9308762019085371,0.4409036021386705,0.0
-0.9067986851057075,0.20748303858807068,0.0
0.2796652448883871,0.9963214789759064,0.0
0.5566309154570824,-0.10974340739992001,1.0
0.14503937513901957,-0.4991275566137825,1.0
0.44133673200407764,-0.2602519341691608,1.0
-0.2871167126486955,-0.8838987949641703,0.0
-0.2566339629467021,0.9986125505751153,0.0
-0.027797111052467807,0.473722759554438,1.0
1.0084507543828594,0.029212230034143125,0.0
-0.1073326866518671,-1.1142627115008916,0.0
-0.7849638565575638,0.7401088768645327,0.0
-0.36146729588293214,0.35811361035215566,1.0
0.33547185170094973,0.46460560828785225,1.0
0.17131485675275163,-0.4514433192316985,1.0
0.7500253139868562,0.6183450867131892,0.0
-0.6239478743781727,-0.7362544935896009,0.0
0.3656060463085086,0.9393337145855969,0.0
-0.7160470604120956,-0.6635963064180268,0.0
0.6004837075842465,-0.1342741715482148,1.0
-0.8457435920329115,-0.5842427463168449,0.0
-0.8894407125326017,-0.3619595745936366,0.0
0.33139867616264707,-0.5242064940574986,1.0
0.13702681221619809,0.508839273047355,1.0
0.7838153022166929,-0.7345770166649243,0.0
-0.304928181192274,-0.45710498265136323,1.0
0.26244104448700045,0.37780478805141815,1.0
0.024789486358323034,-0.565325730563106,1.0
-0.9502394701911079,-0.14565098535286078,0.0
0.3324608016943615,0.3230526875831016,1.0
0.9076621804901063,0.3108527279023823,0.0
0.8898209573469881,0.3598977697821932,0.0
0.050215813303466195,0.5053883075383184,1.0
0.9582363906777925,0.13279756173792814,0.0
-0.973456127718336,0.39012590215058957,0.0
-0.32445419584849594,-0.3775047902081187,1.0
-0.709031698057625,-0.60174956946427,0.0
0.8478914150190378,0.4947237934382319,0.0
0.3280428758504705,0.18977959693350185,1.0
-0.9290601729332725,0.5029124314552341,0.0
0.1449128663533719,0.4699497559980187,1.0
-0.38046447105021414,0.35939417176370886,1.0
-0.18253041416397897,0.380593761270144,1.0
-0.07452274099839115,-0.5002851464056547,1.0
0.6616897895767124,0.7318798856621157,0.0
0.4243022693171426,0.2587189486171111,1.0
0.1890472557764047,0.9381111152891828,0.0
1.0010708980250393,-0.09436845385010369,0.0
0.23791352175356795,0.39975059020076,1.0
-0.5143397316539435,0.04496738985906111,1.0
-0.8232302217866552,-0.550643890364156,0.0
-0.8705586261771989,-0.45806615678843826,0.0
-0.08408991012749473,0.4211407997311192,1.0
0.8494295605290786,0.42383614805416653,0.0
0.1350689247220464,0.5379369724963214,1.0
-0.8163264422835599,-0.6974010262056988,0.0
-0.24805735523124217,0.301575798436601,1.0
0.7131503865853935,0.666861900091085,0.0
-0.8887217794686743,-0.4175108787269902,0.0
0.5783383966217185,0.7186950336762367,0.0
-0.6079946212443197,-0.7557992932679324,0.0
0.3949805451698852,0.3509366849366141,1.0
0.6076040715633036,0.021047816499020086,1.0
-0.4808453509382497,0.19765073162500285,1.0
-0.5640671053081608,-0.013804220222264758,1.0
-0.6487485984255728,-0.7959394148629524,0.0
0.1881298988327405,-0.9602540301535201,0.0
0.7928818647074372,-0.5512258327906783,0.0
0.5620405080513369,0.21500069952171957,1.0
-0.9704197419440389,0.41688848631631853,0.0
-0.45482578657914174,-0.1838619456493319,1.0
0.7128340035036436,-0.8387950953621293,0.0
-0.5096828215794446,-0.07758361134282346,1.0
0.37666496773208996,0.9228925246445631,0.0
0.6264492077124977,0.6716137248384326,0.0
-0.2217207557261271,-0.4523585148018054,1.0
-0.4263546373824141,0.11950910460120757,1.0
-0.19297584873877788,-0.9700922266710058,0.0
0.3515926932537885,-0.3512026726165052,1.0
-0.966780557044046,-0.15128580467724165,0.0
-0.06293344032398535,0.46311890936817107,1.0
-0.20272735981577583,0.5351719764637725,1.0
0.37162250160353216,0.32597170192597624,1.0
0.44408414827116577,-0.26310628439295153,1.0
-0.41568816609996745,0.8551634235622018,0.0
0.17391398493404694,-0.4519807766055836,1.0
0.49435380983254257,0.19895121705578608,1.0
-0.35835419561039056,-0.3505210739566793,1.0
0.4030002789207924,-0.03648389716204143,1.0
-0.4036337985173824,-0.3800688196295208,1.0
0.5239323660666675,0.8882715098793068,0.0
0.6974206816386354,-0.7233182827506068,0.0
-0.6110193774507944,0.7906236099038595,0.0
0.45832662036622085,-0.10482888606898932,1.0
0.3787253922576105,0.20429254512975284,1.0
-0.8100702450627648,-0.5184822472489958,0.0
0.12833554153688154,-0.4992976805823863,1.0
0.64423872416923,-0.8130377830603972,0.0
-0.47019322119583457,0.26851747867346887,1.0
-1.0623726974327008,-0.10028156638843704,0.0
-1.038810187919225,0.2265335066567916,0.0
0.35570519601674716,0.34441564010149667,1.0
0.2724401206500866,0.33547747878070977,1.0
0.7379840006979466,-0.5852466942843619,0.0
-0.006792606217063096,-0.4833238982208893,1.0
-0.4719816757587498,-0.2646174531033077,1.0
0.196141784413877,0.47590001315355945,1.0
-0.09931325737403202,-0.5077207420038783,1.0
-1.0077801296036875,-0.3116118935400155,0.0
0.545004739721519,-0.01570216159114992,1.0
0.3830734549716446,0.090275989356918,1.0
0.7268817114072386,0.6771068868477075,0.0
0.047772495124881874,0.9577873825952553,0.0
-0.9551328471201944,0.37323369367366316,0.0
0.8543726012397755,0.24864720279262867,0.0
0.564330709106476,0.8204195939594763,0.0
0.842708329137361,0.4838953878104227,0.0
-0.8838033348702798,0.004495336992601247,0.0
-0.4088093255091242,0.2592613672460112,1.0
-1.0035752237173252,-0.37608094731812275,0.0
0.08625869792927937,-0.5172096562212554,1.0
0.2631208069230119,-0.4722891380386407,1.0
-0.3892827660270293,-0.350679297745609,1.0
-1.0158288636794424,0.016648295177326335,0.0
-0.26913448130279327,-0.34071766914292956,1.0
-0.6105104318139394,-0.7972899341181369,0.0
-0.14739591729117968,0.45208243324696623,1.0
-0.2850376174620273,0.9621330876992498,0.0
0.437255390579521,-0.13427473986313104,1.0
0.6095646100357326,-0.7492722827592088,0.0
0.39593151381855396,-0.2834859213652388,1.0
0.8456086258804348,-0.4543430956895812,0.0
-0.8249404666060502,-0.7381998231424666,0.0
-0.3489391742403505,0.2613956169749008,1.0
0.6869231875190188,0.6841332022011862,0.0
0.09116624397906777,-0.549846995051709,1.0
0.010021834904334725,0.42137708083695014,1.0
-0.4283526578864549,-0.08884680241018358,1.0
-0.08232705059915682,0.4208414652666867,1.0
-0.2364783105706766,0.4986556857799538,1.0
-0.05066547989789955,-0.48077963463837603,1.0
-0.21056993475822486,0.4498475742924391,1.0
-0.8032517179714084,-0.5315185984366995,0.0
-0.3350336808346021,0.38969894949227274,1.0
-0.6432272645738758,-0.6437245848258611,0.0
-0.7614281936665955,-0.6605190005581514,0.0
-0.1935392274051408,-1.0262422838931688,0.0
0.9309046227792556,-0.2360937304118205,0.0
0.20829394232502454,1.0023078521906106,0.0
0.483945030469859,-0.06872440778339832,1.0
1.025451969323008,-0.2494927119577413,0.0
-0.1489934841993275,-0.9841539373315745,0.0
-0.961071743152135,-0.11775673877691067,0.0
-0.9188546232441378,-0.10217486365205614,0.0
-0.3836661719891708,-0.32403413671391407,1.0
-0.2770640311074606,0.3993929018380729,1.0
1.0576079974659371,-0.1474015179311135,0.0
-0.25913610599497283,0.4425895801698789,1.0
0.015811475725182923,-1.0199174804486522,0.0
0.4554012885489368,0.16920376837199613,1.0
-0.2745602213913742,-0.41663749489096424,1.0
-0.17423218250554967,0.9950418796062531,0.0
-0.23033477382545106,-0.994873430494279,0.0
-0.13188515391425354,-1.093876713345753,0.0
0.4095767530787446,-0.27900248370101766,1.0
-0.5850101996988457,-0.0140416238931369,1.0
0.3355017304118771,-0.31285216492167284,1.0
-0.2407653566310864,-0.3693985750582397,1.0
-0.13379688828955819,0.5280657946518397,1.0
-0.812687623793655,0.5405570516208468,0.0
-0.8995709391666622,0.4800465912052111,0.0
0.3415434466676196,-0.8322343249485056,0.0
-0.46954510684348966,-0.8678550146152185,0.0
-0.8994670137133973,0.4701671475801288,0.0
0.0788231052503863,0.48285574223243943,1.0
0.6044007542523192,0.8134471077806812,0.0
0.9596040329871866,0.35496563450450724,0.0
0.46589699410286334,0.20138682400271718,1.0
-0.34987084432541365,0.3548389988888486,1.0
0.4001221416591591,0.3586685942339535,1.0
-0.2825704049598189,-0.42498332507202774,1.0
0.24066602773100204,0.4917346995792809,1.0
-0.5332895492417916,0.8738183545614092,0.0
0.27596866380773866,-0.46663330394174163,1.0
0.9301131685921039,-0.07859541295113961,0.0
-0.3359941119271446,-0.40149794400493666,1.0
0.6049768735538742,0.7572036805482193,0.0
-0.23144023227907495,1.0296426642183147,0.0
0.28004768415641756,-0.40577794950669815,1.0
-0.2922862184982241,-0.44617428331922737,1.0
-0.06044830322870598,0.44009493404376143,1.0
-0.47399855383801226,-0.9056759290978618,0.0
-0.21674539652800826,0.46508922141406844,1.0
-1.0011298930587227,-0.01598419609862627,0.0
0.18252073828790327,-0.4802803987815911,1.0
-0.3118603945046448,0.2506814463456395,1.0
-0.7442688038425918,-0.5483427352274213,0.0
-0.5337434595908325,0.10173800191560041,1.0
0.4620689515635073,-0.15881541946164202,1.0
0.8073886523613096,0.5409788491407568,0.0
0.14019126739478024,-0.535822458287442,1.0
1.049128326148751,0.05629558577606767,0.0
0.40082410007914515,0.24033814891195487,1.0
-0.2952414662575349,-0.9909837820754627,0.0
0.26880494556336904,-0.44926818479371755,1.0
0.4693657833523694,0.25263013734333073,1.0
-0.40875225922530456,-0.8706267077452193,0.0
0.5043061184410802,0.009843870785975234,1.0
0.9617340765862575,-0.170635085687165,0.0
0.313959807497476,0.5136338483963281,1.0
0.896765091779806,0.4131339055181999,0.0
0.8734983944909501,0.35331418364449013,0.0
-0.9406974055222787,0.2929652189006996,0.0
0.595171229661668,-0.22902305337617704,1.0
-0.792601815806462,0.7036781554531137,0.0
-0.5600145626608263,-0.8357095477914983,0.0
0.974176686830883,0.0482699311889542,0.0
-0.7829757349339083,0.5408576752802344,0.0
0.5389261214810337,0.1311694569185955,1.0
-0.5013862017740467,-0.3338663890129125,1.0
-0.8405328540812215,-0.5469691064429376,0.0
0.19444038424254068,1.068896513032579,0.0
0.5557763757215908,-0.7991516640032154,0.0
0.607293861215055,0.8324963278497617,0.0
0.5193703361889646,0.8074933429798629,0.0
-0.8305650769224245,-0.3982649618630686,0.0
0.5345208090560801,0.8232461421395619,0.0
0.5129956616403015,-0.07100269138641507,1.0
-0.5236701737193648,-0.23787310866874067,1.0
0.11041297860073607,-0.43269579096358096,1.0
0.1732979403542665,-0.9467617975746406,0.0
-0.6657087000998908,-0.7780292315380583,0.0
0.5045298692362022,0.11390725965535277,1.0
0.28672832701469986,-0.49738018028974784,1.0
0.3338238307581792,-0.4507018929076133,1.0
0.9202317959037768,0.049170721004322925,0.0
-0.5905737425913362,0.1309581931241724,1.0
0.8918645303370084,-0.3640949454962704,0.0
0.3770891336998668,0.8691340407944735,0.0
-1.0217744269401412,-0.17367675948769679,0.0
-0.18191681045012978,-0.913401827042233,0.0
0.0167998659898958,-0.5025429350839815,1.0
-0.3936335177016552,-0.21869754936618843,1.0
0.0476250964325163,-0.9790404190812654,0.0
-0.054007441747949005,0.4710320444070356,1.0
0.07774606144222335,-1.0315360728275935,0.0
0.9855689026759904,-0.17708097679091042,0.0
0.07835147719162412,1.0185531238239656,0.0
0.12507032037713384,-0.4750636705210312,1.0
-0.9930328703189368,0.02262674459106686,0.0
0.4725819024434271,0.19680294832837836,1.0
0.8885653674474125,0.25974402723187034,0.0
-0.8220189897688992,0.6478608624584045,0.0
0.08955257224837015,0.513227243768508,1.0
0.5390030875910421,0.8184588049274374,0.0
-0.40396621903994306,-0.20965126183692753,1.0
0.25715072721359405,0.3982102341469705,1.0
-0.41684233137648535,-0.17826744488498875,1.0
-0.9423131492409447,0.15317132845719061,0.0
-0.8987527214243533,-0.4783787473079649,0.0
-0.8724129269263343,0.49316535391131966,0.0
-0.511453611719342,0.23487361590394962,1.0
-0.25418963542913975,-0.8982987597701533,0.0
0.7629855687500329,-0.5830735670737096,0.0
-0.9082646603534751,0.27240026029675357,0.0
0.4215384981424666,-0.22213354868673407,1.0
0.4174513001781751,-0.2960681491616325,1.0
-0.503003289762094,-0.3198832860041456,1.0
0.5523065284844086,0.034780535208745425,1.0
0.9354785652556249,-0.4053459200401877,0.0
-0.09814933877611469,-0.9997559404556243,0.0
0.9262568453053354,-0.44280738349365667,0.0
0.27837242379252547,-0.44667134949010867,1.0
0.573601438140342,-0.7086603413621367,0.0
0.9184972557523706,0.07267439727188328,0.0
-0.43278181886698586,0.8997277877380833,0.0
0.4435765669523638,0.21135787711389536,1.0
0.783451870672235,-0.60784819988621,0.0
0.8620720863837803,-0.25842037746693686,0.0
0.5598327226018094,-0.7742900478950434,0.0
-0.49207914258460017,-0.17331823134954913,1.0
0.342946281182841,-0.37559228414187645,1.0
-0.420458107069145,-0.9613872483641724,0.0
0.4052173021322121,0.44442719532767905,1.0
0.37166505783634995,-0.33998312530436553,1.0
0.3203716493170776,0.3925747991971345,1.0
0.18044471337167678,0.490192267239253,1.0
0.46320391659868987,0.13654486718725226,1.0
0.21905868416756005,0.3762836221327207,1.0
-0.38021829150011066,0.22634743626779824,1.0
0.6983852405935926,-0.5880883644021648,0.0
0.9063217773252917,-0.5182214570293115,0.0
-0.9921938498471715,0.1936113497375706,0.0
-0.29173266763785166,-0.9664829829222115,0.0
-0.5294738163087312,0.1640278328707894,1.0
-0.7958051237720208,0.4706939964944022,0.0
0.5544181570842113,0.7906666376004506,0.0
-0.21514852731695744,0.9547645806768751,0.0
-0.8229385614075438,-0.6047458780120247,0.0
0.004752975327363164,0.5066055067525398,1.0
-0.4111875981629026,-0.14721119463415025,1.0
0.4843823595861802,0.05772301358031086,1.0
-0.37792458065736495,-0.9800599685841096,0.0
1.0397582371418745,-0.20242651555379265,0.0
-0.4549117743927482,0.2729207654364635,1.0
-0.06300345363823594,0.9599094330379959,0.0
-0.3751528686906221,0.2504154006696177,1.0
-0.6293303725529741,-0.7350630048760932,0.0
-0.4573930557416422,0.13322057974187815,1.0
0.08601262236686891,0.43747743109865295,1.0
1.0262181373626456,-0.03674552072388997,0.0
-0.6930381901934236,-0.7148362256709152,0.0
-0.36426801901603884,0.34375714309560007,1.0
0.3384505515965903,0.2918253694623171,1.0
0.054129588834209,-0.5839102832583917,1.0
0.47583509838567756,0.19558264354759203,1.0
0.9792488797363652,-0.32363446373629995,0.0
0.28463093730257893,-1.0299842637155634,0.0
-0.5080564188150829,0.8857983560199804,0.0
0.015134267449799356,0.9732925825155951,0.0
0.15534670235043746,-0.9434644597894227,0.0
0.48078783083716253,-0.8798928567400418,0.0
0.36766699534578173,0.2940883875624543,1.0
0.13436943922682618,-0.4676939902773219,1.0
0.3946883765397531,0.9398957057079808,0.0
0.41170765814335625,-0.34139951910498045,1.0
-0.6239246448003893,0.8683353084927423,0.0
-1.0134947075897087,-0.3587149866410404,0.0
0.15909483862127122,-0.3869644386885773,1.0
0.6340310334725082,0.8487842031223859,0.0
-0.8653620687298511,-0.5267717056502459,0.0
-0.12486142495981802,1.0286295795049534,0.0
-0.8547649477640821,-0.5837214101541219,0.0
0.656745954691472,-0.8316782703607527,0.0
-0.5118722296900726,-0.8770664252035043,0.0
-0.26319445208956466,0.9012745316039281,0.0
0.5709187869254247,-0.784528688642598,0.0
0.2716727518698076,0.4835164657495151,1.0
-0.16279219559576089,1.003381838998931,0.0
0.7826435281942545,-0.5697014230212906,0.0
-0.44551712985471137,0.9114110244341564,0.0
0.885204140742094,0.30015561808518865,0.0
-0.5144752799182474,-0.15445366862831797,1.0
-0.7498920605257824,0.6919902118457902,0.0
0.12023223022792233,-1.0667369090929557,0.0
-0.03472247307464854,-0.5358335455413095,1.0
-0.48335844381151827,0.8525578256571255,0.0
-0.4095986807106885,0.2678358721977032,1.0
-0.20662340868308088,1.0054858648748617,0.0
-0.5891983094396214,0.8818477349902668,0.0
1.0255809505734217,0.10530651119200742,0.0
-0.5243695172169653,0.019577522910206778,1.0
0.9026320311539827,-0.2906027383536033,0.0
0.5561015018767905,0.859643824427271,0.0
0.2154164365622366,-0.44388866448098824,1.0
-0.3625823112669257,-0.3458888925020722,1.0
-0.8654078629450298,0.13521857490113254,0.0
-0.2812105389003545,0.9950678177739032,0.0
-0.5582476402765422,-0.24861376147233374,1.0
-0.9984406975488919,0.15009431721260233,0.0
-0.9043886023726765,0.3708239736069674,0.0
0.19351402918866756,-0.44409277487383547,1.0
0.35558643974036375,0.01466346570667515,1.0
-0.07368622562873534,0.9564695144514889,0.0
0.5230629862413952,-0.12679154783822802,1.0
-0.5257581236700711,-0.12766126756938934,1.0
-0.7189804436768359,0.7258357796112892,0.0
0.8420013032982085,0.47218078373333233,0.0
-0.40759236158126133,0.2785078427844414,1.0
0.22712959564006072,0.945871699230496,0.0
0.22497594373479624,0.4104841280069117,1.0
0.6857275796922249,0.6926777240324027,0.0
0.3931009019394487,-0.8153423824483677,0.0
0.6937425034242691,-0.6764598918008533,0.0
-0.5044921786143766,0.005542873638734895,1.0
0.4742893416136642,-0.07739718404375984,1.0
1.015255010169693,0.2812090801139735,0.0
0.9591733481072197,-0.3647965156740523,0.0
0.43965108952236165,0.22663628083092888,1.0
0.4429603631007388,0.1891298913224011,1.0
0.0870806095839031,0.4582447955186073,1.0
-0.375778973995268,0.26759640937478174,1.0
0.24924717987664977,-0.4023304422932195,1.0
-0.5463911165047235,-0.7908134933204612,0.0
0.7419139871253648,0.5959005574246912,0.0
0.5564776906624295,0.0007803313378466625,1.0
0.3747926767148876,0.07760770225096994,1.0
0.22417237848569244,-0.5359826381806077,1.0
-0.4482941087886191,-0.179534854649253,1.0
-0.9274480118022878,-0.23106417725129547,0.0
-0.41296275803947646,-0.39330672686442025,1.0
-0.44257047297238655,0.28694431720018243,1.0
-0.25776447762622035,0.43784964706341917,1.0
-0.24339258354612003,-0.38878836542161865,1.0
0.4552387646548294,0.12055514009845292,1.0
0.7267239251722288,-0.6147253432459905,0.0
0.9789592076564777,0.31037719123362967,0.0
-0.4638626693075221,0.21739178766520056,1.0
0.9891161943537955,-0.23474812571647757,0.0
0.28816824121589585,0.4420662566104045,1.0
0.6169659952862365,-0.812337049008546,0.0
-0.06634844588644101,-0.9370602748800997,0.0
0.48105271875572897,0.8421207428103413,0.0
0.7344362011932465,0.6582606719756459,0.0
-0.12040420862804023,0.5373226015032523,1.0
-0.931671116546905,-0.20739399120141994,0.0
-0.9674565030842942,-0.4509024159106035,0.0
-0.17332233647225198,-1.028568293217407,0.0
-0.22875713443216417,-0.9041502844719574,0.0
0.8218265831833247,-0.5232450329499437,0.0
-0.8659529231498182,-0.25467934442356727,0.0
1.0259418072909343,0.17989704778043752,0.0
-0.6992725824872023,0.7722118507589957,0.0
-0.0600101545119933,-1.0066521170712248,0.0
0.007924590036183475,-0.5626443338041497,1.0
-0.02421987097041249,0.39866317499118076,1.0
-0.9140184072495015,0.34020451078432534,0.0
0.28473924996811234,0.3765714011820775,1.0
0.47541177002064994,-0.19229042989276865,1.0
-0.23934912058744995,0.515016939840652,1.0
0.437370271284498,0.28120832148019076,1.0
0.2990979020586718,0.38808106029384243,1.0
0.010505714460684594,0.4904733658935382,1.0
-0.5534750390409752,0.8382894365452592,0.0
-0.2928169284509855,0.46329836026763854,1.0
-0.26732074102104403,0.41328188168893076,1.0
0.2361582495490886,0.43385867753604224,1.0
0.028069423560531284,-0.47094656895207454,1.0
0.2257947034626644,-1.0491236801101458,0.0
-0.4348576899173069,0.9243171297724335,0.0
-0.8846636850109514,0.07890174859858927,0.0
-0.15138701183251424,0.5007271252109363,1.0
0.15323536821540118,-0.4648799078121571,1.0
-0.24615470696198746,0.4705086738431077,1.0
-0.031118909749540336,-0.9760955001686272,0.0
0.4358598141404369,-0.8948225984417874,0.0
0.6393277088422743,0.7552313297462674,0.0
0.214624712810854,0.9675111466836369,0.0
0.1794429139190137,0.4014698699326851,1.0
0.47713747776104615,-0.16302676928533738,1.0
0.16164923712481777,-1.0377984200541686,0.0
0.2747406595270324,1.038122171082861,0.0
0.06529746241059267,0.9351460166352341,0.0
0.4809137237201849,-0.9049406084193702,0.0
0.434668984817127,0.04980246580428484,1.0
0.886979503563946,-0.4975035086380242,0.0
0.32943312100310174,-0.8372461826871834,0.0
0.4869610514601871,0.8776958951319118,0.0
0.37703942442319527,-0.4139065116374418,1.0
0.4461715921614859,0.8576171448153256,0.0
-0.35999135599221865,-0.8970920878014483,0.0
0.5006483235101301,-0.10950966393356976,1.0
0.3662629532289544,-0.32443328771660024,1.0
0.4145523927802727,-0.3251485552947101,1.0
0.09310546623572474,0.5256840853624365,1.0
0.19533469347236437,0.5257363547700667,1.0
0.14330663215590608,0.4598188883608064,1.0
0.42717038566366194,0.9591789293366544,0.0
0.8517832825509788,0.17783712266611118,0.0
0.2392517168578869,-1.0096837615498575,0.0
0.4154575560957716,0.19469107307522976,1.0
0.8815296351979863,0.4461664326718974,0.0
0.8734158090034585,0.5324611049454144,0.0
-0.4533040575507873,-0.8913625485033984,0.0
-0.521103810974651,0.8770065658276593,0.0
1.0566599391501694,-0.052901376728524914,0.0
0.06621508854122882,-0.596828637925731,1.0
0.1096540519311642,0.48679914604364805,1.0
-0.5691206750347008,-0.09638692910230223,1.0
0.2826281511626505,0.9896284658909448,0.0
0.5031067409921544,-0.793052066762757,0.0
-0.5662114157326943,0.7765411717151709,0.0
0.7440009995318209,-0.6269673974415156,0.0
0.48312178891221935,-0.8006587656074885,0.0
-0.08696591037137835,-0.50159557197239,1.0
0.054209917023405635,-0.5169895071639092,1.0
-0.46227612802221796,0.37721137598543497,1.0
-0.5629214483489822,0.8328958579541361,0.0
0.26642881127336493,-1.0234762790460923,0.0
0.2383233564483907,-0.47837451686029736,1.0
-0.41108918279939277,-0.2511445163206674,1.0
0.3893345764577632,-0.28549962901870285,1.0
-0.3199152813394364,0.35770090391466186,1.0
0.05834764331835822,-1.0410925264676418,0.0
0.4103056984980352,-0.18418207524473718,1.0
-0.526264423712506,-0.006983996854555731,1.0
-0.991051394758697,-0.1444025161253405,0.0
0.35592660021463746,0.1784578935739574,1.0
-0.4693998052114001,-0.8719401271480931,0.0
1.017407579186242,0.19221880933368046,0.0
-0.6033824476309793,-0.8317675986171328,0.0
-0.45324516899751544,-0.09613986436164343,1.0
-0.9942538335186751,0.3729956990439222,0.0
-0.6943492268233831,0.899201851499955,0.0
0.49263373081205386,-0.08860824914478317,1.0
0.9216066803599166,0.2571886933052479,0.0
-0.2578368528678419,-0.9987234822981061,0.0
-0.21471558319865441,0.4126130754234988,1.0
-0.036636468033428904,-0.35912304975861153,1.0
-0.4405563535724004,-0.8972112767871882,0.0
0.6660300644277201,-0.6718672703817717,0.0
0.39665110318352886,0.25750164554584126,1.0
-0.3151286260991657,-0.4348609059680293,1.0
-0.8530149101485069,0.6573760809531879,0.0
0.05709786126919162,0.4472947228179559,1.0
0.3558356616597434,0.9239203527602147,0.0
0.4428318938400292,0.3358565905356784,1.0
0.6242237238535541,0.7513072902409675,0.0
-0.012579151859835103,0.5297685967922687,1.0
-0.945557656268231,-0.43989738361463243,0.0
-0.1317928570880957,-0.5009568507829326,1.0
0.6030264064930162,-0.7327634297903588,0.0
-0.3626665933847468,0.9643046327003717,0.0
0.6036588490290276,0.8074210696427794,0.0
-0.4873437518378153,0.08755202111628566,1.0
0.7826296551166857,-0.5836271222190618,0.0
-0.7602080142792591,0.7023801009807725,0.0
-0.9134622010465433,-0.23557030162906187,0.0
-0.9190906897116697,0.14661594248355914,0.0
0.8951475217881248,-0.1526045749970991,0.0
0.11849025560253917,1.063372114704934,0.0
0.4365329771034011,-0.3014556967258552,1.0
0.5325953830774788,0.06552172165004658,1.0
-0.35484835671219744,-0.39862243631842814,1.0
0.25631646367803085,0.4878710288339253,1.0
0.029124327074615586,0.9785332598514785,0.0
0.09957904297256041,1.0177825849257385,0.0
0.9156651661674269,-0.35860539801963637,0.0
-0.36222657854917933,0.3663381150343236,1.0
0.7442749470696334,0.5984262827002745,0.0
-0.11190299031251986,-0.4841422681243021,1.0
0.23376765623831444,-0.4348588051928644,1.0
-0.04926204099814484,-0.9968683723334915,0.0
-0.9612740705445615,-0.22652210209082455,0.0
0.8949647141886137,0.6180114482951442,0.0
-0.3803941739262115,-0.9598609020998569,0.0
-0.768877018198754,0.6240782541479735,0.0
0.5896066516684517,0.004914743962810699,1.0
-0.28663226212666304,-0.40526976035672924,1.0
-0.4787334403222931,0.10272117546530901,1.0
-0.8962921362679085,-0.14509790640714307,0.0
0.7390683045424039,-0.7543495770684616,0.0
-0.3021625770534121,0.46980699305383317,1.0
-0.7830207575448326,-0.7396938562166758,0.0
-0.4392937006029067,-0.860471543739356,0.0
0.48234384407059855,-0.249181835322179,1.0
-0.3253058203969891,0.9343291117915221,0.0
-0.020569648709793956,0.898437350816837,0.0
-0.4115230707521927,-0.15570488549101186,1.0
0.7330945471767104,0.6499778989217888,0.0
-0.2781030955871859,-0.9007710541776922,0.0
0.305862670661825,-0.39021796971598616,1.0
-0.19338537757294397,0.9377648073114295,0.0
0.9895101931046525,-0.4241935845884171,0.0
0.2769382443512011,-0.9286513108644846,0.0
-0.02545976202427316,0.5388765620407472,1.0
-0.5686306810894917,-0.7198859427230975,0.0
0.8748259672307429,0.24279134550469256,0.0
-0.31732242814426737,-0.403503846401615,1.0
-0.401972810660488,-0.20750379796889207,1.0
-0.43357506730900425,-0.29129430043011784,1.0
0.40500855651369966,-0.8877127579298068,0.0
0.39860509278737527,0.23169841386358536,1.0
-0.05384866794195954,0.3851638038374832,1.0
0.895177870139932,0.5146097409595534,0.0
-0.5751384115792191,0.8058446911777402,0.0
-1.0074034344310152,0.015662249957159854,0.0
-0.28953085343385926,-0.39421372618468414,1.0
-0.2735727124579118,0.4694910512882065,1.0
-0.4895697266097786,-0.009273188201214377,1.0
-0.061570417283479416,-0.5149718334168462,1.0
-0.3234428494039032,0.9150051065940134,0.0
-0.8768656999603217,-0.48067178362186086,0.0
0.09697444008175146,0.4838541317911126,1.0
0.2292679781836663,0.36640788333027985,1.0
-0.5783856548520453,0.08288729999105197,1.0
1.0297736533736392,0.16880954885101432,0.0
-0.0037144473196625907,1.0446409749676746,0.0
-0.5727361519652449,-0.7755658904380371,0.0
-0.9613114946501967,-0.09525708512533305,0.0
-0.19153071013576722,0.43676075334339637,1.0
0.4130132270939174,-0.2167547137519849,1.0
-0.711592108613508,0.7427225443264378,0.0
0.13859100992924864,1.0242112280625555,0.0
0.0890923510992177,0.6311823735448522,1.0
0.027747878348233418,0.451419173115478,1.0
-0.5637211871242858,0.7529125890331155,0.0
-0.7572768279907907,-0.586404506869377,0.0
-0.39154553519960367,-0.11208091378992642,1.0
-0.38297819678083156,0.31726899557436894,1.0
-0.5222162118048322,0.2055532844405606,1.0
-0.39054845225579715,0.36599239233746195,1.0
0.46986142290752825,-0.25055844988993276,1.0
0.5098457747696917,0.11317051334133886,1.0
0.5638814748624115,-0.06929780752472647,1.0
0.9588721217059533,0.5411789140829324,0.0
0.20191128789652665,-0.46427081787835267,1.0
-0.41335310238879114,0.8098443015467419,0.0
-0.15953052213891536,-0.5808250086951211,1.0
-0.5237926795049805,0.7755250254186126,0.0
0.9351384212298258,0.16623947077277945,0.0
0.48498396095766333,0.06923855808927089,1.0
0.877756576782081,0.5383924444513788,0.0
0.4911717780394246,-0.041662577695446845,1.0
0.3833518488488674,-0.3512980424109258,1.0
0.4521860427679295,0.08397408002184589,1.0
0.3674552816337434,-0.2702014032291896,1.0
0.9737603680606008,-0.35680084821074415,0.0
-0.9161690729092208,-0.3490991200816623,0.0
-0.4800715162930727,0.1630419947980231,1.0
-0.05631999093417387,-0.5927416967228702,1.0
-0.9094890529419908,0.29994307789598773,0.0
0.9856993830949154,0.39750979703618294,0.0
0.4648264042665882,-0.3003157894390742,1.0
0.7098933530317271,-0.7422743204671312,0.0
0.37275520222850883,-0.2716455935910027,1.0
-0.17940498484054626,-1.1009190066510863,0.0
-1.0097890336196427,0.2454974488555284,0.0
0.9699113490428599,0.42383634359646394,0.0
0.4780097307844736,-0.22130505748063958,1.0
0.048754217310166305,-0.9420662249306182,0.0
0.9838859620964541,-0.4664782719926688,0.0
0.4679567886727085,-0.16350628785073404,1.0
-0.13543156905800724,-0.4436984418564853,1.0
-0.41584646980679696,0.23595796303080827,1.0
-0.2920426597459548,-0.48733145677492157,1.0
-0.6285370173295284,0.6227734027649107,0.0
-0.2283902644494855,-0.44605835138018285,1.0
-0.026122144908186574,-0.43086449334071864,1.0
0.5231936615056336,0.06112516705831485,1.0
0.5545494601593286,-0.22716322236400632,1.0
-0.31510593276068405,-0.4768932897286541,1.0
0.25990869404243533,0.4904351410123293,1.0
0.4865193420702469,-0.17125223578314033,1.0
-0.5393486125232683,0.859182082789443,0.0
0.10967033621372939,-0.39905829684438165,1.0
-0.25353721987870015,0.9819688722548835,0.0
-0.45012279472241556,-0.22485136684796986,1.0
0.48540405907032574,-0.10464856231300472,1.0
-0.5472335769447204,-0.05290309154424852,1.0
0.17750198499951136,0.9764971239466157,0.0
-1.0254979656551944,0.357707402036317,0.0
-0.36329813457648485,0.31563729208589203,1.0
0.3284670536164634,0.9028573621727594,0.0
0.4649498375555436,-0.7739036677122046,0.0
0.6197440224388127,-0.8740992827272618,0.0
-0.5022985003958572,-0.057333235726045116,1.0
0.23562659359483593,0.4173603500309168,1.0
-0.4699946649458757,-0.16359935696247682,1.0
-0.33334508214563635,0.397207382636278,1.0
-0.014862265560976168,0.9794095360549495,0.0
0.7816167285907689,0.6293087343433882,0.0
-0.3089647827890491,0.992294442531587,0.0
0.2676595972108512,-1.0130477091513888,0.0
0.4117045182075207,-0.42066005872461565,1.0
-0.8483616455884027,0.4554248868020116,0.0
-0.1228124858109723,0.4701432066968476,1.0
-0.2066446344042543,-0.3987298798259763,1.0
-0.5474959726975045,-0.11878327626476907,1.0
0.9318782752985447,0.05710975353376524,0.0
-0.3740699098996825,-0.3035952842767922,1.0
0.9474763358347482,0.34587956430589595,0.0
0.8149394483052629,-0.6226771756862965,0.0
-0.17073615947800982,0.5902573315037241,1.0
-0.9846963845405885,0.007283065887477562,0.0
-0.6882538685285664,-0.5614917009315965,0.0
-0.521764202287358,-0.038669445238612085,1.0
0.3123384671693077,0.3608458615725775,1.0
-0.06366101660928995,0.5118883445061234,1.0
-0.473969121490322,0.20059121548785483,1.0
0.08176683681536269,-0.47592145674365105,1.0
-1.0219260154724248,-0.10656711758608402,0.0
0.08745976748335577,0.4325140449217072,1.0
-0.8312694902790706,-0.5373494716099378,0.0
0.48346760153601104,-0.8299963906601596,0.0
-0.381419812976982,0.9089193867944064,0.0
-0.41207885781699544,-0.26605337920879746,1.0
-0.08166709482635195,0.3701563629937562,1.0
0.22330885810328233,-0.5057680938424695,1.0
0.4642063101868876,0.277047734867062,1.0
0.08963007177886342,-0.420634730531062,1.0
1.0469420456983334,-0.16044833810501802,0.0
-0.2797146517870099,1.0122059995952501,0.0
-0.14417928607563185,0.9749957725532259,0.0
-0.36703506091704363,0.17199155582132858,1.0
0.3711259989602124,-0.32616346739335944,1.0
-0.5157287380409643,0.03154124137723693,1.0
-0.14991833106927444,0.428475138480345,1.0
-0.3775370401567563,-0.9771885109828194,0.0
0.8670607572299933,-0.40555236085874813,0.0
-0.5620331186286639,-0.7732340821370528,0.0
-0.672584315257901,0.6906170167755747,0.0
0.059985238238751154,1.058806880613565,0.0
-0.10725080695269709,-0.4585310404617504,1.0
0.06765082963249343,0.49922491573282063,1.0
-0.2652828274218163,0.9733254798825469,0.0
0.34994837663515177,-0.3334395209674852,1.0
-0.7958408166339704,0.5904376294989848,0.0
0.10519434993091217,0.4831890972363675,1.0
-0.9328194030961041,-0.325981506595414,0.0
-0.8806901039766938,-0.5254117243637496,0.0
0.38176805551310544,-0.9509023099539023,0.0
0.028729658938665033,1.0034151076067486,0.0
-0.6740800860847281,0.710462530776521,0.0
-0.8734340894874135,0.5290973821192562,0.0
0.7551816365478249,-0.7341452325347696,0.0
-1.0064831866978312,0.08528113243641453,0.0
0.4678341155611668,-0.8446386143016807,0.0
0.2512532257549351,-0.38375152434514653,1.0
-0.4871988205344189,-0.092533721137954,1.0
0.10724361286895655,-0.40238297109568877,1.0
-0.2836104842994285,-0.4214014837588084,1.0
0.07551100869274516,-0.4441403961784231,1.0
0.05913012328894063,0.9342187323788756,0.0
-0.10755848862400352,0.5037804970609095,1.0
0.2775518786453471,-0.9038814054950765,0.0
-0.41288435423464487,-0.1792153366968902,1.0
-0.4724624930205057,-0.055859504683938466,1.0
-0.5489248994477874,0.09695406705998996,1.0
0.192849786874233,-0.39957240777851377,1.0
-1.0167442650597798,0.37837490224215203,0.0
-0.08309305590370614,0.4425529194434347,1.0
0.2095673354397795,-0.4373843909533264,1.0
-0.4520872756695762,-0.06420850915102148,1.0
-0.42414375252445824,-0.267248592232705,1.0
0.2489385449846561,-0.4643741928895948,1.0
0.04271725980252207,0.47555067224029574,1.0
0.04508805682526225,-0.5331465409508936,1.0
-0.5040370787484887,-0.015418033512715555,1.0
0.1264772471259506,-0.9526587595927188,0.0
0.46608954848788686,-0.0732368712672569,1.0
0.5752445854651467,-0.009976620684946563,1.0
-0.951155939505793,-0.2528273092271066,0.0
-0.3139526338450856,-0.37780272404021087,1.0
0.6847437665035493,-0.6224085809445085,0.0
1.0089021037844712,-0.06447846996339851,0.0
0.14073167398270375,0.9936747926961799,0.0
-0.3483603078033726,0.331417614742599,1.0
-1.1161528513253876,0.22511529676150518,0.0
-0.10973750584445521,-0.5090520784127608,1.0
0.041907167621208496,0.4164385546393152,1.0
-0.2114410822697081,0.40275942097385137,1.0
-0.04496320343443287,-0.9755579868418705,0.0
0.46728634030371446,-0.01305919390549165,1.0
-0.21510420589313237,-0.43936431571130824,1.0
-0.9287210569993505,0.2921197712024003,0.0
-0.48951383301589174,-0.23378782097446857,1.0
-0.23522289776408373,0.4412866076380728,1.0
-0.6122530706508288,-0.8143763726021656,0.0
-0.0651096435387871,0.4411905173444477,1.0
0.4353939404721674,-0.9122381963456081,0.0
0.0985854894075848,-0.549887682679738,1.0
-0.5222842831664077,0.25231459107684456,1.0
-0.28827306443372763,-1.0339589033225376,0.0
-1.0058528108912113,-0.23230213986421017,0.0
-0.4596304645281069,-0.0828310055913741,1.0
-0.01643366728830735,0.5005930559713644,1.0
-0.017022512266281146,0.49598276445209155,1.0
-0.8193364491742083,-0.38055782275877753,0.0
0.06524665984553554,-1.0360941846473306,0.0
0.11889422518295495,-0.916232805768562,0.0
-0.9589830612292264,0.3305553480169708,0.0
0.4643406220547801,-0.3155492842536757,1.0
-0.45490466957236214,-0.34737582975833503,1.0
0.9881673161217743,-0.4122152114191153,0.0
-0.31113192831064973,-0.9048855382868973,0.0
0.3853385512583706,-0.01541917185568193,1.0
-0.10730296852422119,0.48330096725284083,1.0
0.4561862588655349,-0.12116872277655082,1.0
0.39250395110427183,-0.39852217266125484,1.0
0.14931009333485215,-0.46694671678975314,1.0
0.06451794441702355,0.5011607689658674,1.0
-0.1346313231238259,-0.5167924139978383,1.0
-0.42625075834168935,-0.33882022586943517,1.0
-0.10740421354189059,0.43458257594422617,1.0
-0.15854247818311412,-0.39651473344696453,1.0
0.3975066233963839,0.30504870433886533,1.0
0.36385698384409476,-0.17831442649517726,1.0
0.22513359203343258,0.45419440053800114,1.0
-0.3902380697212832,-0.27975182763770134,1.0
0.4686047339126814,0.7845211163418125,0.0
-0.9784477669406692,0.13135803147100522,0.0
-0.45144920513130793,0.2961740751308475,1.0
-0.41248248524283665,0.9393346020824741,0.0
0.47762242617948086,0.06720482309043825,1.0
0.8783301639928951,0.43701058083452365,0.0
0.48022975712391974,0.2099950065811453,1.0
-0.42644430125149546,0.749604272060167,0.0
-0.20639094810952047,0.4630127910536673,1.0
0.08365319911521936,-0.5527507418550859,1.0
-0.08974229308710106,-0.4687087338275925,1.0
-0.169923389288181,-0.45277473566401133,1.0
0.3600324349333224,-0.4043961282901506,1.0
-0.524466055286709,0.11385628403149946,1.0
0.3762617734269977,0.9318454385175439,0.0
0.3787603982986762,0.32671053633214187,1.0
-0.9907806484589511,0.15393787248455015,0.0
-0.5017199994157677,-0.011985338994697455,1.0
0.2508780730459826,0.4423261086494066,1.0
-0.2948607055635772,0.4010377083555467,1.0
0.8879144775309653,-0.5419103042025499,0.0
0.392826638229666,0.38704256314268826,1.0
0.11224300162026574,-0.5037168482381277,1.0
-0.8195632201526312,0.4617048696305154,0.0
0.17722354102964438,-1.0314776931193097,0.0
-0.40201864997992426,-0.2268821399946433,1.0
0.26526063415740725,-1.0056741554230642,0.0
-0.4909149808688548,-0.124183984790894,1.0
-0.2062183074961803,-0.45454558368097,1.0
-0.9531407837468512,0.3245889490654581,0.0
0.9315312330878581,-0.02991870516102793,0.0
-0.47488784056447836,-0.10461510856588241,1.0
-0.1009775502356192,0.5180206444080938,1.0
0.3734436234512062,-0.41884447732476743,1.0
0.10164245645936265,0.41436219673364016,1.0
-0.4253903850557894,0.01287123264947071,1.0
0.383259964069049,0.24331169768047994,1.0
-0.5518418079836873,0.15613727605790184,1.0
-0.3223107403070517,0.3634998891630136,1.0
0.25580716292143285,1.04215984763545,0.0
-0.3617696109584292,-0.18213457846285241,1.0
-0.5195163565030025,0.19040374264383686,1.0
0.3429288432170109,0.3824664441690495,1.0
0.4503316405747627,-0.9453477072151468,0.0
0.4817975236704196,-0.1610064468752504,1.0
0.8510473018829445,0.4906001209040676,0.0
0.8926957875810948,0.34006268489995106,0.0
-0.485476048194219,-0.1560119278457537,1.0
-0.21800080517302836,-0.41422056125789525,1.0
-0.7457355175956658,0.5693454554585815,0.0
-0.13678474697428739,1.0414976932031088,0.0
0.9948429003298609,0.36984908792813903,0.0
-0.01621368057231061,-0.4778806109390556,1.0
-0.9631096309262667,0.301316334232338,0.0
0.9618178212197639,-0.2211208052421335,0.0
-0.4465019957740293,-0.26439438692151773,1.0
0.001114512475118172,-1.050449248206504,0.0
-0.939633182358832,-0.49703143416924256,0.0
0.5753082122690879,-0.8164988852433337,0.0
-0.30137288581075916,0.46485079895154435,1.0
0.14659512275608805,-1.0397692216716048,0.0
0.24463305081916087,0.4866027477765911,1.0
0.9766710192041338,-0.08190314012824358,0.0
-0.08965057144298656,0.9006808166604772,0.0
0.6816143804421073,0.714078796174744,0.0
1.0244371828781844,-0.33725686810958944,0.0
-0.1124607351079977,0.4525446507856366,1.0
-0.00926617140620466,1.0045549386845436,0.0
0.3980090453524436,-0.10887404811386216,1.0
0.5328112500566581,0.16451319602348552,1.0
-0.22252521176172588,-0.4947295562331143,1.0
0.32860903784252904,-0.22193725004067133,1.0
0.7477504087998474,0.770085648342061,0.0
-0.31496419643495016,-0.35503553382689423,1.0
1.0389375432307801,0.2212311501680712,0.0
-0.40091077355787913,0.9589071076652504,0.0
0.849508722773399,0.5087548856825614,0.0
0.9299951847662469,-0.16147230528486117,0.0
0.10315467052696517,-0.9518589504957792,0.0
-0.6709693927700575,0.715934118261927,0.0
-0.6129066936551415,-0.08506237950776624,1.0
-0.8873968123255038,0.3876389186153043,0.0
-0.47071658697517466,-0.1741426513664613,1.0
0.7909759490782547,0.6306700561767244,0.0
0.057551664415935594,-0.5497165901455485,1.0
-0.449919489485778,-0.8221542240896796,0.0
-0.40888093547666393,0.014561867582403206,1.0
-0.4744357807845828,0.20334075116777717,1.0
-0.46136730014599614,0.2298097082101623,1.0
-0.8941475099603683,-0.5498204492872979,0.0
-0.4640266917024175,0.23818160742125496,1.0
-0.9810923434468599,0.027926852198498733,0.0
-0.5099018570605087,0.18712553023728193,1.0
0.9378701592915517,-0.373968632243663,0.0
0.8478152679440677,-0.567815021351203,0.0
0.449244881722714,-0.08021181898587935,1.0
-0.279784517894164,-0.4402390808584883,1.0
-0.02043115831488168,-0.5367650235665415,1.0
-1.005892042807644,-0.24407676977422377,0.0
-0.8515219781955095,0.6241716911702464,0.0
-0.34644856905179433,0.8665336436887141,0.0
0.36364472942966325,0.31054595451014994,1.0
-0.45563798124200505,0.1227465391971557,1.0
0.3903064803598392,-0.8897671091666479,0.0
-0.47103941649396874,0.30968288284211964,1.0
1.0308815066121182,-0.3217806288653792,0.0
-0.32855892423502797,-0.41563300067615955,1.0
-0.5080446001928123,-0.21384333074050083,1.0
0.1822741395916022,0.9724568470654926,0.0
0.4179534516969832,0.3338162730847916,1.0
0.14288519382784853,-0.8994882810081686,0.0
0.9445081711130168,-0.0704961182519685,0.0
0.30989921309254964,-0.3889070625443609,1.0
0.39989078215853535,-0.11853746578842092,1.0
0.4075768299370302,0.2825289142206612,1.0
0.540205705926676,0.8641247092833537,0.0
-0.8484971392657298,0.5451114244660497,0.0
0.9199723338147562,0.37373918314736254,0.0
-0.4005991295469834,-0.09212065548366286,1.0
0.5569710783527084,0.10086464445280062,1.0
0.5291813242229542,-0.7476872797572369,0.0
0.8703081114196173,-0.6232205274814581,0.0
-0.12360190263098583,-0.979771638053744,0.0
0.4975914358995158,0.9463421635797087,0.0
-0.48034405301484756,-0.814635828643773,0.0
0.13866495589435726,-0.4938058926381975,1.0
0.33047074307696184,0.2789767505427968,1.0
-0.37361302787548495,-0.9049022230229685,0.0
-0.492818318873633,-0.13944918104122683,1.0
-1.0368308640657173,0.10580998915960044,0.0
1.0025129605382996,0.1721202090480546,0.0
-0.764820360414641,-0.750918924964973,0.0
0.23838164370310405,0.45090595443105086,1.0
0.15101596632634923,-0.9929895322653611,0.0
-0.8801098010713932,-0.2205008563602427,0.0
-0.452350791557351,0.821521639000899,0.0
-0.19493049332293247,-0.42401643907925307,1.0
0.4625452667108474,-0.093706712717992,1.0
-0.045170045784596935,0.4676506538057905,1.0
-0.24754403693092078,-0.3272710025933252,1.0
1.000248891503013,-0.17708340869643296,0.0
0.4142706025477772,-0.11400620459070643,1.0
0.57021949895209,0.05918913424916523,1.0
-0.2548704806274271,-0.3399003811064945,1.0
-1.0053856452762127,0.056873412799658934,0.0
0.3453579998644251,0.4070799270846668,1.0
-0.08588970479041315,-0.48575656782547916,1.0
0.3962850893814582,0.3378429036345815,1.0
-0.2914784145912705,0.3922138455645069,1.0
-0.613239868962353,0.6561231609337441,0.0
-0.41858043115813065,-0.24655302880847155,1.0
-0.4815518149992747,0.1971759493878657,1.0
0.9779727174149999,-0.2998045986777425,0.0
-0.3474805336528099,0.29254603880824326,1.0
0.46153801935030514,0.06287126716592495,1.0
0.785599613763837,0.6651850799218704,0.0
0.9597013221300084,-0.33975022885591577,0.0
0.4519455238370635,0.29136107074793294,1.0
-0.1532114093761185,-0.5104337701570127,1.0
-0.4725095164214584,-0.03309789815437676,1.0
-0.9928982597559,-0.016884588272009705,0.0
0.9306637402966049,0.2773404793377398,0.0
-0.7530406647357208,-0.7673893843323726,0.0
0.8751640424955976,-0.5757151208221948,0.0
-0.5330194266925846,0.9314687175058595,0.0
-0.8946498078651859,-0.34428376574183595,0.0
0.3887604301461191,-0.21763663619077017,1.0
-0.7947900282581198,0.6071641768849667,0.0
0.1607150547497286,-0.9916627919888625,0.0
-0.3320127844233827,-0.4257252888132438,1.0
0.38954616106556,-0.8874198458213366,0.0
1.0144949954441977,-0.07050653048900818,0.0
-0.3826327783967635,-0.911999089597942,0.0
-0.5052859436088468,-0.03870425326663651,1.0
-0.8010923181977069,-0.6480608598064548,0.0
-0.26794832505486754,0.47644155307343594,1.0
-0.11464139799870172,1.0352175133532944,0.0
-0.22418468296951805,0.5313001830697064,1.0
-0.03917314145346392,-0.4781201724906315,1.0
0.28196079578417393,0.9327036546726796,0.0
-0.03240270869771651,-1.075650468764158,0.0
0.38869866391224916,0.9181294138053269,0.0
0.8566190761162512,-0.5332695282881621,0.0
-0.5726761039998342,-0.8792523652881999,0.0
-0.8937777158159597,0.4593675598567424,0.0
0.8055006092037343,-0.34373387815478984,0.0
0.11732935632686924,0.8822042184286725,0.0
0.12319148015845885,0.5479916554148777,1.0
0.9686054358380083,0.18383145607061097,0.0
-0.35374709260422005,0.28183107283136904,1.0
0.6551353034816483,0.8894223651651124,0.0
0.24909083455490572,0.9257874983287457,0.0
-0.9853697108746171,-0.2881621551769044,0.0
-0.07201617142043619,-0.5314470033018346,1.0
0.6609045348112065,-0.7931901461417915,0.0
0.278414912194019,0.9673595286824783,0.0
